"Issue Id","Project","Tags","Summary","Reporter","Created","Updated","Resolved","type","priority","status","assignee","fixed rhythm","irregular rhythm","last done","due date","time estimate","spent time","location","Description","Votes"
"TODO-33251","Das sind ja TICKETS!","🔁 Wiederkehrend","Der Biomüll ist entleert.","Ally","6 September 2026 16:40:26","28 September 2026 13:47:43",,"Task","No Priority","Prioritized","Unassigned","2880","no described rhythm","26 September 2026 14:00:00","28 September 2026 14:00:00","3","59","Küche",,"0"
"TODO-33247","Das sind ja TICKETS!","","Die Fliegengitter sind bei den Rollos montiert.","Ally","6 September 2026 14:29:35","28 September 2026 13:47:43","6 September 2026 14:30:02","Task","No Priority","Done","Unassigned","no regularity","no described rhythm",,,,"60","Wohnzimmer","* [x] Küche Süden


* [x] Rebecca
* [x] Wohnzimmer Süden
* [x] Wohnzimmer Westen
* [x] Robert Westen","0"
"TODO-1465","Das sind ja TICKETS!","🔁 Wiederkehrend","Das Bad ist geputzt.","Ally","7 December 2025 23:50:50","28 September 2026 13:47:40",,"Task","Low","Prioritized","Unassigned","20160","no described rhythm","23 September 2026 14:00:00","7 October 2026 14:00:00","20","70","Bad","Last done on: Friday, 12 June 2026 at 21:12:20 CEST (Europe/Berlin)","0"
"TODO-33241","Das sind ja TICKETS!","🔁 Wiederkehrend","Die Papiertonne ist rausgestellt.","Ally","6 September 2026 14:11:53","28 September 2026 13:47:38",,"Task","No Priority","Prioritized","Unassigned","40320","no described rhythm","22 September 2026 14:00:00","20 October 2026 14:00:00","3","3","Garten & Einfahrt","# Abholtermine

Monatlich:

* [x] Mi 23.09.2026
* [ ] Mi 21.10.2026
* [ ] Mi 18.11.2026
* [ ] Mi 16.12.2026","0"
"TODO-1485","Das sind ja TICKETS!","🔁 Wiederkehrend","💤 Ich habe mein Bett neu bezogen.","Ally","31 May 2026 22:18:13","28 September 2026 13:47:34",,"Task","Low","Prioritized","alexandria","20160","no described rhythm","25 September 2026 14:00:00","9 October 2026 14:00:00","5","10","Rebeccas Zimmer",,"0"
"TODO-33276","Das sind ja TICKETS!","🔁 Wiederkehrend","🪪 Die Krankenkassenkarte ist für's neue Quartal eingelesen.","Ally","12 September 2026 17:35:49","28 September 2026 13:47:31",,"Task","Medium","Prioritized","alexandria","no regularity","* * 12 ? 1-12/3 THU#1 *","18 September 2026 14:00:00","1 October 2026 14:00:00","1","2","Rebeccas Zimmer",,"0"
"TODO-1472","Das sind ja TICKETS!","🔁 Wiederkehrend","Der Wasserkocher ist entkalkt.","Ally","5 January 2026 11:33:16","28 September 2026 13:47:20",,"Task","Low","Prioritized","Unassigned","40320","no described rhythm","19 September 2026 14:00:00","17 October 2026 14:00:00","3","6","Küche","Last done on: Friday, 12 June 2026 at 21:11:39 CEST (Europe/Berlin)","0"
"TODO-4667","Das sind ja TICKETS!","🔁 Wiederkehrend","Die Wohnung ist gesaugt.","Ally","12 June 2026 10:49:10","28 September 2026 13:47:18",,"Task","Low","Prioritized","Unassigned","20160","no described rhythm","25 September 2026 14:00:00","9 October 2026 14:00:00","30","60","Ganze Wohnung",,"0"
"TODO-33252","Das sind ja TICKETS!","🔁 Wiederkehrend","Der Restmüll ist geleert.","Ally","6 September 2026 16:49:01","28 September 2026 13:47:16",,"Task","No Priority","Prioritized","Unassigned","20160","no described rhythm","21 September 2026 14:00:00","5 October 2026 14:00:00","3","8","Ganze Wohnung","Bad & Küche (Spüle)

und im Keller bei der Waschmaschine","0"
"TODO-33256","Das sind ja TICKETS!","🔁 Wiederkehrend","Die Zimmerpflanzen sind gegossen worden.","Ally","6 September 2026 19:07:45","28 September 2026 13:47:14",,"Task","No Priority","Prioritized","Unassigned","10080","no described rhythm","24 September 2026 14:00:00","1 October 2026 14:00:00","10","30","Ganze Wohnung",,"0"
"TODO-33261","Das sind ja TICKETS!","🔁 Wiederkehrend","Der Glasmüll ist entsorgt. ","Ally","8 September 2026 15:15:07","28 September 2026 13:47:12",,"Task","No Priority","Prioritized","Unassigned","40320","no described rhythm","25 September 2026 14:00:00","23 October 2026 14:00:00","10","30","Flur",,"0"
"TODO-33270","Das sind ja TICKETS!","🔁 Wiederkehrend","Das Fallobst des Apfelbaums (im Westen) sind gerafft.","Ally","12 September 2026 11:15:27","28 September 2026 13:47:10",,"Task","No Priority","Prioritized","Unassigned","40320","no described rhythm","25 September 2026 14:00:00","23 October 2026 14:00:00","15","90","Garten & Einfahrt",,"0"
"TODO-33244","Das sind ja TICKETS!","🔁 Wiederkehrend","Der Hof ist frei von Fallobst.","Ally","6 September 2026 14:14:10","28 September 2026 13:47:07",,"Task","No Priority","Prioritized","Unassigned","4320","no described rhythm","27 September 2026 14:00:00","30 September 2026 14:00:00","7","90","Garten & Einfahrt",,"0"
"TODO-33255","Das sind ja TICKETS!","🔁 Wiederkehrend","Der Papiermüll ist geleert.","Ally","6 September 2026 17:49:35","28 September 2026 13:46:56",,"Task","No Priority","Prioritized","Unassigned","no regularity","no described rhythm","26 September 2026 14:00:00","30 September 2026 14:00:00","3","24","Küche",,"0"
"TODO-33266","Das sind ja TICKETS!","🔁 Wiederkehrend","Die Hochbeete sind gepflegt.","Ally","9 September 2026 17:18:04","28 September 2026 13:46:54",,"Task","No Priority","Prioritized","Unassigned","no regularity","no described rhythm","23 September 2026 14:00:00","26 September 2026 14:00:00","10","66","Garten & Einfahrt",,"0"
"TODO-33280","Das sind ja TICKETS!","🔁 Wiederkehrend","Spülschwamm und Lappen sind getauscht.","Ally","17 September 2026 18:46:48","28 September 2026 13:46:50",,"Task","Medium","Prioritized","Unassigned","10080","no described rhythm","26 September 2026 14:00:00","3 October 2026 14:00:00","1","2","Küche",,"0"
"TODO-1459","Das sind ja TICKETS!","🔁 Wiederkehrend","👚 Ich habe eine Ladung dunkle 30er Wäsche gewaschen.","Ally","1 November 2025 10:37:01","28 September 2026 13:46:47",,"Task","Low","Prioritized","alexandria","no regularity","no described rhythm","18 September 2026 14:00:00","6 June 2083 14:00:00","20","20","Rebeccas Zimmer",,"0"
"TODO-33258","Das sind ja TICKETS!","🔁 Wiederkehrend","Die Spülmaschine ist aus- und wieder eingeräumt worden.","Ally","7 September 2026 21:34:16","28 September 2026 13:46:44",,"Task","No Priority","Prioritized","Unassigned","no regularity","no described rhythm","27 September 2026 14:00:00","29 September 2026 14:00:00","7","48","Küche",,"0"
"TODO-33242","Das sind ja TICKETS!","🔁 Wiederkehrend","Die gelben Säcke sind rausgestellt zur Abholung.","Ally","6 September 2026 14:12:55","28 September 2026 13:46:40",,"Task","No Priority","Prioritized","Unassigned","20160","no described rhythm","16 September 2026 14:00:00","30 September 2026 14:00:00","3","3","Garten & Einfahrt","# Abholtermine

Zweiwöchentlich:

* [ ] Do 03.09.2026
* [x] Do 17.09.2026
* [ ] Do 01.10.2026
* [ ] Do 15.10.2026
* [ ] Do 29.10.2026
* [ ] Do 12.11.2026
* [ ] Do 26.11.2026
* [ ] Do 10.12.2026
* [ ] Do 24.12.2026","0"
"TODO-33243","Das sind ja TICKETS!","🔁 Wiederkehrend","Die Restmülltonne ist rausgestellt.","Ally","6 September 2026 14:13:32","28 September 2026 13:46:21",,"Task","No Priority","Prioritized","Unassigned","20160","no described rhythm","15 September 2026 14:00:00","29 September 2026 14:00:00","3","3","Garten & Einfahrt","# Abholtermine

Zweiwöchentlich:

* [x] Mi 16.09.2026
* [ ] Mi 30.09.2026
* [ ] Mi 14.10.2026
* [ ] Mi 28.10.2026
* [ ] Mi 11.11.2026
* [ ] Mi 25.11.2026
* [ ] Mi 09.12.2026
* [ ] Di 22.12.2026","0"
"TODO-33253","Das sind ja TICKETS!","🔁 Wiederkehrend","Der gelbe Sack ist getauscht.","Ally","6 September 2026 16:50:30","28 September 2026 13:46:19",,"Task","No Priority","Prioritized","Unassigned","no regularity","no described rhythm","12 September 2026 14:00:00","25 May 2083 14:00:00","3","3","Küche",,"0"
"TODO-1467","Das sind ja TICKETS!","🔁 Wiederkehrend","🌫️ Ich habe eine Ladung Handtücher/ Lappen/ Sportkleidung-Wäsche gewaschen.","Ally","7 December 2025 23:51:12","28 September 2026 13:46:17",,"Task","Low","Prioritized","alexandria","no regularity","no described rhythm","12 September 2026 14:00:00","16 October 2026 14:00:00","30","30","Rebeccas Zimmer",,"0"
"TODO-1469","Das sind ja TICKETS!","🔁 Wiederkehrend","🛏️ Ich habe eine Ladung Bettwäsche und Laken gewaschen.","Ally","28 December 2025 20:39:31","28 September 2026 13:46:15",,"Task","Low","Prioritized","alexandria","no regularity","no described rhythm","12 September 2026 14:00:00","13 November 2026 13:00:00","15","15","Rebeccas Zimmer",,"0"
"TODO-1481","Das sind ja TICKETS!","🔁 Wiederkehrend","👕 Ich habe eine Ladung helle 30er Wäsche gewaschen.","Ally","4 April 2026 09:29:13","28 September 2026 13:46:11",,"Task","Low","Prioritized","alexandria","no regularity","no described rhythm","18 September 2026 14:00:00","2 November 2026 13:00:00","20","25","Rebeccas Zimmer",,"0"
"TODO-1381","Das sind ja TICKETS!","🔁 Wiederkehrend","🧼 Ich habe mir die Haare gewaschen.","Ally","2 March 2025 21:13:47","28 September 2026 13:46:08",,"Task","Low","Prioritized","alexandria","no regularity","no described rhythm","19 September 2026 14:00:00","15 November 2026 13:00:00","30","30","Rebeccas Zimmer",,"0"
"TODO-4668","Das sind ja TICKETS!","🔁 Wiederkehrend","💊 Ich habe mein Sertralin (50mg) nachbestellt und abgeholt.","Ally","12 June 2026 11:29:46","28 September 2026 13:45:48",,"Task","Medium","Prioritized","alexandria","144000","no described rhythm","23 September 2026 14:00:00","3 January 2027 13:00:00","5","5","Rebeccas Zimmer",,"0"
"TODO-33265","Das sind ja TICKETS!","🔁 Wiederkehrend","Es ist Essen gekocht.","Ally","9 September 2026 16:04:37","28 September 2026 13:45:45",,"Task","No Priority","Prioritized","Unassigned","no regularity","no described rhythm","22 September 2026 14:00:00","28 September 2026 14:00:00","60","225","Küche",,"0"
"TODO-1468","Das sind ja TICKETS!","🔁 Wiederkehrend","Die Zählerstände sind abgelesen und ggf. übermittelt.","Ally","28 December 2025 20:39:16","28 September 2026 13:45:43",,"Task","Low","Prioritized","Unassigned","no regularity","0 12 1 * *","6 September 2026 14:00:00","1 October 2026 14:00:00","4","5","Keller","# **Strom**

[Octopus Energy](https://octopusenergy.de/accounts/A-A84B243D/613249/meters/submit-reading/579684/electricity), Login in 1Password

Zählernummer 1100559697

Abgelesen und übermittelt:

* 06.09.2026




# **Gas**

Bei Waschmaschinen

Zählernummer 2100021603

| Datum | Kubikmeter Gas |
| --- | --- |
| 06.09.2026 | 703,922 |
|  |  |

# **Wasser**

## Waschmaschine

im Keller

| Datum | Kubikmeter Wasser |
| --- | --- |
| 07.09.2026 | 0,081 |
|  |  |

## **Kaltwasser**

Im Bad neben Waschbecken

Zählernummer 218590645

| Datum | Kubikmeter Wasser |
| --- | --- |
| 06.09.2026 | 218,365 |
|  |  |

## **Warmwasser**

Zählernummer 448227106

| Datum | Kubikmeter Wasser |
| --- | --- |
| 06.09.2026 | 32,484 |
","0"
"TODO-33269","Das sind ja TICKETS!","🔁 Wiederkehrend","Die Oberschränke sind staubgewischt.","Ally","11 September 2026 19:31:43","28 September 2026 13:45:39",,"Task","No Priority","Prioritized","Unassigned","524160","no described rhythm","11 September 2026 14:00:00","10 September 2027 14:00:00","45","45","Küche",,"0"
"TODO-1489","Das sind ja TICKETS!","🔁 Wiederkehrend","Die Dunstabzugshaube ist von Fett befreit.","Ally","6 June 2026 20:31:09","28 September 2026 13:45:37",,"Task","No Priority","Prioritized","Unassigned","40320","no described rhythm","6 September 2026 14:00:00","7 December 2026 13:00:00","5","5","Küche","Mit ""Putzstein""-Paste (von Waschbär) unter der Spüle","0"
"TODO-1466","Das sind ja TICKETS!","🔁 Wiederkehrend","Die Wohnung ist gewischt.","Ally","7 December 2025 23:51:02","28 September 2026 13:27:37",,"Task","Low","Prioritized","Unassigned","20160","no described rhythm","25 September 2026 14:00:00","9 October 2026 14:00:00","30","90","Ganze Wohnung",,"0"
"TODO-33240","Das sind ja TICKETS!","🔁 Wiederkehrend","Der Keller ist gesaugt.","Ally","6 September 2026 14:09:35","28 September 2026 13:27:14",,"Task","Low","Prioritized","Unassigned","40320","no described rhythm","7 September 2026 14:00:00","7 October 2026 14:00:00","20","15","Keller",,"0"
"TODO-1400","Das sind ja TICKETS!","🔁 Wiederkehrend","Der Kühlschrank ist geputzt.","Ally","29 March 2025 10:51:02","28 September 2026 13:12:49",,"Task","Low","Prioritized","Unassigned","20160","no described rhythm","17 September 2026 14:00:00","1 October 2026 14:00:00","5","10","Küche",,"0"
"TODO-691","Das sind ja TICKETS!","🔁 Wiederkehrend","Der Rasen ist gemäht.","Ally","3 October 2021 11:07:05","28 September 2026 13:12:36",,"Task","Low","Prioritized","Unassigned","no regularity","no described rhythm","12 September 2026 14:00:00","24 May 2083 14:00:00","45","45","Garten & Einfahrt",,"0"
"TODO-33245","Das sind ja TICKETS!","🔁 Wiederkehrend","Der Einkauf ist erledigt.","Ally","6 September 2026 14:26:31","28 September 2026 13:12:18",,"Task","No Priority","Prioritized","Unassigned","no regularity","no described rhythm","25 September 2026 14:00:00","28 September 2026 14:00:00","60","418","Küche","(Time Estimate ist für Vorräte checken, Autofahrt, Einkauf und Wegräumen nach Rückkehr)","0"
"TODO-33281","Das sind ja TICKETS!","🔁 Wiederkehrend","Ich hab bescheid gegeben, ob ich Obst will.","Ally","18 September 2026 10:44:25","28 September 2026 13:12:07",,"Task","No Priority","Prioritized","alexandria","no regularity","0 0 5 ? * +MON,THU *","25 September 2026 14:00:00","28 September 2026 14:00:00","1","3","Rebeccas Zimmer","Meine Eltern haben zur Auswahl:
🍎 Äpfel
🍐 Birnen
🍑 Pfirsiche
🍇 Trauben (rot und weiß)
🫐 Zwetschgen","0"